{
  "threshold": 0.9657440185546875,
  "classification_metrics": {
    "precision": 0.3669724770642202,
    "recall": 0.5031446540880503,
    "f1_score": 0.4244031830238727,
    "pr_auc": 0.4689566177706477
  },
  "event_metrics": {
    "incident_count": 8,
    "detected_incidents": 8,
    "event_recall": 1.0,
    "mean_lead_time": 36.75,
    "median_lead_time": 30.0,
    "false_positive_rate": 0.08527131782945736
  }
}